[
  {
    "uid": 132,
    "data": {
      "type": "number",
      "value": 456.34534
    }
  },
  {
    "uid": 12,
    "data": {
      "type": "image",
      "value": "https:\/\/encrypted-tbn0.gstatic.com\/images?q=tbn%3AANd9GcRt09hxmSGKdfCvI-2W0owI3y3Jhs7b2kEkbM5HmEwTsqQLN3wr"
    }
  },
  {
    "uid": 61,
    "data": {
      "type": "image",
      "value": "https:\/\/encrypted-tbn0.gstatic.com\/images?q=tbn%3AANd9GcT0O1ffDiE0mnnAGnDoqLORAwtsK3BOQxdiuh45Gc1qa6wrpd9K"
    }
  },
  {
    "uid": 93,
    "data": {
      "type": "image",
      "value": "https:\/\/encrypted-tbn0.gstatic.com\/images?q=tbn%3AANd9GcSAsHPcwyML3GOhfxlHoe9mApeq1uq42h_KA4TdvtIk2oh04hk9"
    }
  },
  {
    "uid": 14,
    "data": {
      "type": "image",
      "value": "https:\/\/encrypted-tbn0.gstatic.com\/images?q=tbn%3AANd9GcRn5gQKywkn4EptkJT1Pm9JuSOfC_naKeQJqb1pqEPQ28YDi0pt"
    }
  },
  {
    "uid": 376,
    "data": {
      "type": "folder",
      "value": [
        {
          "uid": 270,
          "data": {
            "type": "text",
            "value": "She did her best to help him."
          }
        },
        {
          "uid": 212,
          "data": {
            "type": "text",
            "value": "I was very proud of my nickname throughout high school but today- I couldn\u2019t be any different to what my nickname was."
          }
        },
        {
          "uid": 136,
          "data": {
            "type": "number",
            "value": 3454
          }
        }
      ]
    }
  },
  {
    "uid": 128,
    "data": {
      "type": "number",
      "value": -123
    }
  },
  {
    "uid": 317,
    "data": {
      "type": "folder",
      "value": [
        {
          "uid": 209,
          "data": {
            "type": "text",
            "value": "Hurry!"
          }
        },
        {
          "uid": 146,
          "data": {
            "type": "number",
            "value": 23
          }
        },
        {
          "uid": 86,
          "data": {
            "type": "image",
            "value": "https:\/\/encrypted-tbn0.gstatic.com\/images?q=tbn%3AANd9GcQWS7c_NICQnC8b4p-j2aJvvV24AoF2hXTHiQMQX90VKLTMW1gP"
          }
        }
      ]
    }
  },
  {
    "uid": 9,
    "data": {
      "type": "image",
      "value": "https:\/\/encrypted-tbn0.gstatic.com\/images?q=tbn%3AANd9GcTN4FbWGOYT_souiuFfrNypIo9SRUpPxs_zhl4tYvvA9oniRGbH"
    }
  },
  {
    "uid": 222,
    "data": {
      "type": "text",
      "value": "They got there early, and they got really good seats."
    }
  },
  {
    "uid": 136,
    "data": {
      "type": "number",
      "value": 3454
    }
  },
  {
    "uid": 321,
    "data": {
      "type": "folder",
      "value": [
        {
          "uid": 251,
          "data": {
            "type": "text",
            "value": "We have never been to Asia, nor have we visited Africa."
          }
        },
        {
          "uid": 265,
          "data": {
            "type": "text",
            "value": "A glittering gem is not enough."
          }
        },
        {
          "uid": 104,
          "data": {
            "type": "number",
            "value": 33
          }
        }
      ]
    }
  },
  {
    "uid": 346,
    "data": {
      "type": "folder",
      "value": [
        {
          "uid": 261,
          "data": {
            "type": "text",
            "value": "Tom got a small piece of pie."
          }
        },
        {
          "uid": 251,
          "data": {
            "type": "text",
            "value": "I would have gotten the promotion, but my attendance wasn\u2019t good enough."
          }
        }
      ]
    }
  },
  {
    "uid": 270,
    "data": {
      "type": "text",
      "value": "She did her best to help him."
    }
  },
  {
    "uid": 85,
    "data": {
      "type": "image",
      "value": "https:\/\/encrypted-tbn0.gstatic.com\/images?q=tbn%3AANd9GcSyom-7lGNDTyYyx0KI7DEgBbMLn1wOltAEMaDkvNHyxrpoSW2u"
    }
  },
  {
    "uid": 35,
    "data": {
      "type": "image",
      "value": "https:\/\/encrypted-tbn0.gstatic.com\/images?q=tbn%3AANd9GcRJwi41TSplE_PSTfDI4IjZgeRXMHPeGmnzWEyanx0Trsa4oWxQ"
    }
  },
  {
    "uid": 391,
    "data": {
      "type": "folder",
      "value": [
        {
          "uid": 80,
          "data": {
            "type": "image",
            "value": "https:\/\/encrypted-tbn0.gstatic.com\/images?q=tbn%3AANd9GcSoq7MARCfQ5gz8kNz4z8HR5NMLbYT1t8f-CPQz2dvQvo3dQbbN"
          }
        },
        {
          "uid": 12,
          "data": {
            "type": "image",
            "value": "https:\/\/encrypted-tbn0.gstatic.com\/images?q=tbn%3AANd9GcRt09hxmSGKdfCvI-2W0owI3y3Jhs7b2kEkbM5HmEwTsqQLN3wr"
          }
        },
        {
          "uid": 222,
          "data": {
            "type": "text",
            "value": "They got there early, and they got really good seats."
          }
        }
      ]
    }
  },
  {
    "uid": 251,
    "data": {
      "type": "text",
      "value": "We have never been to Asia, nor have we visited Africa."
    }
  },
  {
    "uid": 261,
    "data": {
      "type": "text",
      "value": "Tom got a small piece of pie."
    }
  },
  {
    "uid": 189,
    "data": {
      "type": "number",
      "value": 12
    }
  },
  {
    "uid": 367,
    "data": {
      "type": "folder",
      "value": [
        {
          "uid": 145,
          "data": {
            "type": "number",
            "value": 235
          }
        },
        {
          "uid": 189,
          "data": {
            "type": "number",
            "value": 12
          }
        },
        {
          "uid": 85,
          "data": {
            "type": "image",
            "value": "https:\/\/encrypted-tbn0.gstatic.com\/images?q=tbn%3AANd9GcSyom-7lGNDTyYyx0KI7DEgBbMLn1wOltAEMaDkvNHyxrpoSW2u"
          }
        }
      ]
    }
  },
  {
    "uid": 80,
    "data": {
      "type": "image",
      "value": "https:\/\/encrypted-tbn0.gstatic.com\/images?q=tbn%3AANd9GcSoq7MARCfQ5gz8kNz4z8HR5NMLbYT1t8f-CPQz2dvQvo3dQbbN"
    }
  },
  {
    "uid": 214,
    "data": {
      "type": "text",
      "value": "I think I will buy the red car, or I will lease the blue one."
    }
  },
  {
    "uid": 104,
    "data": {
      "type": "number",
      "value": 33
    }
  },
  {
    "uid": 269,
    "data": {
      "type": "text",
      "value": "The old apple revels in its authority."
    }
  },
  {
    "uid": 209,
    "data": {
      "type": "text",
      "value": "Hurry!"
    }
  },
  {
    "uid": 371,
    "data": {
      "type": "folder",
      "value": [
        {
          "uid": 93,
          "data": {
            "type": "image",
            "value": "https:\/\/encrypted-tbn0.gstatic.com\/images?q=tbn%3AANd9GcSAsHPcwyML3GOhfxlHoe9mApeq1uq42h_KA4TdvtIk2oh04hk9"
          }
        },
        {
          "uid": 147,
          "data": {
            "type": "number",
            "value": 12323
          }
        },
        {
          "uid": 125,
          "data": {
            "type": "number",
            "value": 45645
          }
        }
      ]
    }
  },
  {
    "uid": 86,
    "data": {
      "type": "image",
      "value": "https:\/\/encrypted-tbn0.gstatic.com\/images?q=tbn%3AANd9GcQWS7c_NICQnC8b4p-j2aJvvV24AoF2hXTHiQMQX90VKLTMW1gP"
    }
  },
  {
    "uid": 146,
    "data": {
      "type": "number",
      "value": 23
    }
  },
  {
    "uid": 212,
    "data": {
      "type": "text",
      "value": "I was very proud of my nickname throughout high school but today- I couldn\u2019t be any different to what my nickname was."
    }
  },
  {
    "uid": 381,
    "data": {
      "type": "folder",
      "value": [
        {
          "uid": 132,
          "data": {
            "type": "number",
            "value": 456.34534
          }
        },
        {
          "uid": 14,
          "data": {
            "type": "image",
            "value": "https:\/\/encrypted-tbn0.gstatic.com\/images?q=tbn%3AANd9GcRn5gQKywkn4EptkJT1Pm9JuSOfC_naKeQJqb1pqEPQ28YDi0pt"
          }
        },
        {
          "uid": 214,
          "data": {
            "type": "text",
            "value": "I think I will buy the red car, or I will lease the blue one."
          }
        }
      ]
    }
  },
  {
    "uid": 145,
    "data": {
      "type": "number",
      "value": 235
    }
  },
  {
    "uid": 59,
    "data": {
      "type": "image",
      "value": "https:\/\/encrypted-tbn0.gstatic.com\/images?q=tbn%3AANd9GcTDmLUybFNPx435RGmnfPA45pLfZwKFtXiPGZMjg5cET__7lHzd"
    }
  },
  {
    "uid": 2510,
    "data": {
      "type": "text",
      "value": "I would have gotten the promotion, but my attendance wasn\u2019t good enough."
    }
  },
  {
    "uid": 265,
    "data": {
      "type": "text",
      "value": "A glittering gem is not enough."
    }
  },
  {
    "uid": 147,
    "data": {
      "type": "number",
      "value": 12323
    }
  },
  {
    "uid": 361,
    "data": {
      "type": "folder",
      "value": [
        {
          "uid": 35,
          "data": {
            "type": "image",
            "value": "https:\/\/encrypted-tbn0.gstatic.com\/images?q=tbn%3AANd9GcRJwi41TSplE_PSTfDI4IjZgeRXMHPeGmnzWEyanx0Trsa4oWxQ"
          }
        },
        {
          "uid": 61,
          "data": {
            "type": "image",
            "value": "https:\/\/encrypted-tbn0.gstatic.com\/images?q=tbn%3AANd9GcT0O1ffDiE0mnnAGnDoqLORAwtsK3BOQxdiuh45Gc1qa6wrpd9K"
          }
        },
        {
          "uid": 59,
          "data": {
            "type": "image",
            "value": "https:\/\/encrypted-tbn0.gstatic.com\/images?q=tbn%3AANd9GcTDmLUybFNPx435RGmnfPA45pLfZwKFtXiPGZMjg5cET__7lHzd"
          }
        }
      ]
    }
  },
  {
    "uid": 394,
    "data": {
      "type": "folder",
      "value": [
        {
          "uid": 128,
          "data": {
            "type": "number",
            "value": -123
          }
        },
        {
          "uid": 9,
          "data": {
            "type": "image",
            "value": "https:\/\/encrypted-tbn0.gstatic.com\/images?q=tbn%3AANd9GcTN4FbWGOYT_souiuFfrNypIo9SRUpPxs_zhl4tYvvA9oniRGbH"
          }
        },
        {
          "uid": 269,
          "data": {
            "type": "text",
            "value": "The old apple revels in its authority."
          }
        }
      ]
    }
  },
  {
    "uid": 125,
    "data": {
      "type": "number",
      "value": 45645
    }
  }
]
